Anime,Temporada,Episódio,Episódio do Anime,Capa,Gênero,Ano,Status,Linguagem
Undead Unluck,1,1,1,https://i.pinimg.com/736x/f0/16/2c/f0162c08e1f83d0f97e6804fd89e5e9d.jpg,Ação,2023,Completo,Dublado
Undead Unluck,1,2,2,https://i.pinimg.com/736x/f0/16/2c/f0162c08e1f83d0f97e6804fd89e5e9d.jpg,Ação,2023,Completo,Dublado
Undead Unluck,1,3,3,https://i.pinimg.com/736x/f0/16/2c/f0162c08e1f83d0f97e6804fd89e5e9d.jpg,Ação,2023,Completo,Dublado
Undead Unluck,1,4,4,https://i.pinimg.com/736x/f0/16/2c/f0162c08e1f83d0f97e6804fd89e5e9d.jpg,Ação,2023,Completo,Dublado
Undead Unluck,1,5,5,https://i.pinimg.com/736x/f0/16/2c/f0162c08e1f83d0f97e6804fd89e5e9d.jpg,Ação,2023,Completo,Dublado
Undead Unluck,1,6,6,https://i.pinimg.com/736x/f0/16/2c/f0162c08e1f83d0f97e6804fd89e5e9d.jpg,Ação,2023,Completo,Dublado
Undead Unluck,1,7,7,https://i.pinimg.com/736x/f0/16/2c/f0162c08e1f83d0f97e6804fd89e5e9d.jpg,Ação,2023,Completo,Dublado
Undead Unluck,1,8,8,https://i.pinimg.com/736x/f0/16/2c/f0162c08e1f83d0f97e6804fd89e5e9d.jpg,Ação,2023,Completo,Dublado
Undead Unluck,1,9,9,https://i.pinimg.com/736x/f0/16/2c/f0162c08e1f83d0f97e6804fd89e5e9d.jpg,Ação,2023,Completo,Dublado
Undead Unluck,1,10,10,https://i.pinimg.com/736x/f0/16/2c/f0162c08e1f83d0f97e6804fd89e5e9d.jpg,Ação,2023,Completo,Dublado
Undead Unluck,1,11,11,https://i.pinimg.com/736x/f0/16/2c/f0162c08e1f83d0f97e6804fd89e5e9d.jpg,Ação,2023,Completo,Dublado
Undead Unluck,1,12,12,https://i.pinimg.com/736x/f0/16/2c/f0162c08e1f83d0f97e6804fd89e5e9d.jpg,Ação,2023,Completo,Dublado
Undead Unluck,1,13,13,https://i.pinimg.com/736x/f0/16/2c/f0162c08e1f83d0f97e6804fd89e5e9d.jpg,Ação,2023,Completo,Dublado
Undead Unluck,1,14,14,https://i.pinimg.com/736x/f0/16/2c/f0162c08e1f83d0f97e6804fd89e5e9d.jpg,Ação,2023,Completo,Dublado
Undead Unluck,1,15,15,https://i.pinimg.com/736x/f0/16/2c/f0162c08e1f83d0f97e6804fd89e5e9d.jpg,Ação,2023,Completo,Dublado
Undead Unluck,1,16,16,https://i.pinimg.com/736x/f0/16/2c/f0162c08e1f83d0f97e6804fd89e5e9d.jpg,Ação,2023,Completo,Dublado
Undead Unluck,1,17,17,https://i.pinimg.com/736x/f0/16/2c/f0162c08e1f83d0f97e6804fd89e5e9d.jpg,Ação,2023,Completo,Dublado
Undead Unluck,1,18,18,https://i.pinimg.com/736x/f0/16/2c/f0162c08e1f83d0f97e6804fd89e5e9d.jpg,Ação,2023,Completo,Dublado
Undead Unluck,1,19,19,https://i.pinimg.com/736x/f0/16/2c/f0162c08e1f83d0f97e6804fd89e5e9d.jpg,Ação,2023,Completo,Dublado
Undead Unluck,1,20,20,https://i.pinimg.com/736x/f0/16/2c/f0162c08e1f83d0f97e6804fd89e5e9d.jpg,Ação,2023,Completo,Dublado
Undead Unluck,1,21,21,https://i.pinimg.com/736x/f0/16/2c/f0162c08e1f83d0f97e6804fd89e5e9d.jpg,Ação,2023,Completo,Dublado
Undead Unluck,1,22,22,https://i.pinimg.com/736x/f0/16/2c/f0162c08e1f83d0f97e6804fd89e5e9d.jpg,Ação,2023,Completo,Dublado
Undead Unluck,1,23,23,https://i.pinimg.com/736x/f0/16/2c/f0162c08e1f83d0f97e6804fd89e5e9d.jpg,Ação,2023,Completo,Dublado
Undead Unluck,1,24,24,https://i.pinimg.com/736x/f0/16/2c/f0162c08e1f83d0f97e6804fd89e5e9d.jpg,Ação,2023,Completo,Dublado
Tengoku Daimakyou,1,1,1,https://i.pinimg.com/736x/1b/19/d1/1b19d1477c11c962910e06038f35413b.jpg,Ação,2023,Completo,Dublado
Tengoku Daimakyou,1,2,2,https://i.pinimg.com/736x/1b/19/d1/1b19d1477c11c962910e06038f35413b.jpg,Ação,2023,Completo,Dublado
Tengoku Daimakyou,1,3,3,https://i.pinimg.com/736x/1b/19/d1/1b19d1477c11c962910e06038f35413b.jpg,Ação,2023,Completo,Dublado
Tengoku Daimakyou,1,4,4,https://i.pinimg.com/736x/1b/19/d1/1b19d1477c11c962910e06038f35413b.jpg,Ação,2023,Completo,Dublado
Tengoku Daimakyou,1,5,5,https://i.pinimg.com/736x/1b/19/d1/1b19d1477c11c962910e06038f35413b.jpg,Ação,2023,Completo,Dublado
Tengoku Daimakyou,1,6,6,https://i.pinimg.com/736x/1b/19/d1/1b19d1477c11c962910e06038f35413b.jpg,Ação,2023,Completo,Dublado
Tengoku Daimakyou,1,7,7,https://i.pinimg.com/736x/1b/19/d1/1b19d1477c11c962910e06038f35413b.jpg,Ação,2023,Completo,Dublado
Tengoku Daimakyou,1,8,8,https://i.pinimg.com/736x/1b/19/d1/1b19d1477c11c962910e06038f35413b.jpg,Ação,2023,Completo,Dublado
Tengoku Daimakyou,1,9,9,https://i.pinimg.com/736x/1b/19/d1/1b19d1477c11c962910e06038f35413b.jpg,Ação,2023,Completo,Dublado
Tengoku Daimakyou,1,10,10,https://i.pinimg.com/736x/1b/19/d1/1b19d1477c11c962910e06038f35413b.jpg,Ação,2023,Completo,Dublado
Tengoku Daimakyou,1,11,11,https://i.pinimg.com/736x/1b/19/d1/1b19d1477c11c962910e06038f35413b.jpg,Ação,2023,Completo,Dublado
Tengoku Daimakyou,1,12,12,https://i.pinimg.com/736x/1b/19/d1/1b19d1477c11c962910e06038f35413b.jpg,Ação,2023,Completo,Dublado
Tengoku Daimakyou,1,13,13,https://i.pinimg.com/736x/1b/19/d1/1b19d1477c11c962910e06038f35413b.jpg,Ação,2023,Completo,Dublado
Boku No Hero Academia,6,1,1,https://i.pinimg.com/736x/6f/dc/e6/6fdce6fe5581c4a96e16ffad1f1df106.jpg,Ação,2022,Completo,Dublado
Boku No Hero Academia,6,2,2,https://i.pinimg.com/736x/6f/dc/e6/6fdce6fe5581c4a96e16ffad1f1df106.jpg,Ação,2022,Completo,Dublado
Boku No Hero Academia,6,3,3,https://i.pinimg.com/736x/6f/dc/e6/6fdce6fe5581c4a96e16ffad1f1df106.jpg,Ação,2022,Completo,Dublado
Boku No Hero Academia,6,4,4,https://i.pinimg.com/736x/6f/dc/e6/6fdce6fe5581c4a96e16ffad1f1df106.jpg,Ação,2022,Completo,Dublado
Boku No Hero Academia,6,5,5,https://i.pinimg.com/736x/6f/dc/e6/6fdce6fe5581c4a96e16ffad1f1df106.jpg,Ação,2022,Completo,Dublado
Boku No Hero Academia,6,6,6,https://i.pinimg.com/736x/6f/dc/e6/6fdce6fe5581c4a96e16ffad1f1df106.jpg,Ação,2022,Completo,Dublado
Boku No Hero Academia,6,7,7,https://i.pinimg.com/736x/6f/dc/e6/6fdce6fe5581c4a96e16ffad1f1df106.jpg,Ação,2022,Completo,Dublado
Boku No Hero Academia,6,8,8,https://i.pinimg.com/736x/6f/dc/e6/6fdce6fe5581c4a96e16ffad1f1df106.jpg,Ação,2022,Completo,Dublado
Boku No Hero Academia,6,9,9,https://i.pinimg.com/736x/6f/dc/e6/6fdce6fe5581c4a96e16ffad1f1df106.jpg,Ação,2022,Completo,Dublado
Boku No Hero Academia,6,10,10,https://i.pinimg.com/736x/6f/dc/e6/6fdce6fe5581c4a96e16ffad1f1df106.jpg,Ação,2022,Completo,Dublado
Boku No Hero Academia,6,11,11,https://i.pinimg.com/736x/6f/dc/e6/6fdce6fe5581c4a96e16ffad1f1df106.jpg,Ação,2022,Completo,Dublado
Boku No Hero Academia,6,12,12,https://i.pinimg.com/736x/6f/dc/e6/6fdce6fe5581c4a96e16ffad1f1df106.jpg,Ação,2022,Completo,Dublado
Boku No Hero Academia,6,13,13,https://i.pinimg.com/736x/6f/dc/e6/6fdce6fe5581c4a96e16ffad1f1df106.jpg,Ação,2022,Completo,Dublado
Boku No Hero Academia,6,14,14,https://i.pinimg.com/736x/6f/dc/e6/6fdce6fe5581c4a96e16ffad1f1df106.jpg,Ação,2022,Completo,Dublado
Boku No Hero Academia,6,15,15,https://i.pinimg.com/736x/6f/dc/e6/6fdce6fe5581c4a96e16ffad1f1df106.jpg,Ação,2022,Completo,Dublado
Boku No Hero Academia,6,16,16,https://i.pinimg.com/736x/6f/dc/e6/6fdce6fe5581c4a96e16ffad1f1df106.jpg,Ação,2022,Completo,Dublado
Boku No Hero Academia,6,17,17,https://i.pinimg.com/736x/6f/dc/e6/6fdce6fe5581c4a96e16ffad1f1df106.jpg,Ação,2022,Completo,Dublado
Boku No Hero Academia,6,18,18,https://i.pinimg.com/736x/6f/dc/e6/6fdce6fe5581c4a96e16ffad1f1df106.jpg,Ação,2022,Completo,Dublado
Boku No Hero Academia,6,19,19,https://i.pinimg.com/736x/6f/dc/e6/6fdce6fe5581c4a96e16ffad1f1df106.jpg,Ação,2022,Completo,Dublado
Boku No Hero Academia,6,20,20,https://i.pinimg.com/736x/6f/dc/e6/6fdce6fe5581c4a96e16ffad1f1df106.jpg,Ação,2022,Completo,Dublado
Boku No Hero Academia,6,21,21,https://i.pinimg.com/736x/6f/dc/e6/6fdce6fe5581c4a96e16ffad1f1df106.jpg,Ação,2022,Completo,Dublado
Boku No Hero Academia,6,22,22,https://i.pinimg.com/736x/6f/dc/e6/6fdce6fe5581c4a96e16ffad1f1df106.jpg,Ação,2022,Completo,Dublado
Boku No Hero Academia,6,23,23,https://i.pinimg.com/736x/6f/dc/e6/6fdce6fe5581c4a96e16ffad1f1df106.jpg,Ação,2022,Completo,Dublado
Boku No Hero Academia,6,24,24,https://i.pinimg.com/736x/6f/dc/e6/6fdce6fe5581c4a96e16ffad1f1df106.jpg,Ação,2022,Completo,Dublado
Boku No Hero Academia,6,25,25,https://i.pinimg.com/736x/6f/dc/e6/6fdce6fe5581c4a96e16ffad1f1df106.jpg,Ação,2022,Completo,Dublado
Kengan Ashura,1,1,1,https://i.pinimg.com/736x/8a/07/f8/8a07f8a4ea1ae7ae20aa0fa82edcc080.jpg,Ação,2019,Completo,Dublado
Kengan Ashura,1,2,2,https://i.pinimg.com/736x/8a/07/f8/8a07f8a4ea1ae7ae20aa0fa82edcc080.jpg,Ação,2019,Completo,Dublado
Kengan Ashura,1,3,3,https://i.pinimg.com/736x/8a/07/f8/8a07f8a4ea1ae7ae20aa0fa82edcc080.jpg,Ação,2019,Completo,Dublado
Kengan Ashura,1,4,4,https://i.pinimg.com/736x/8a/07/f8/8a07f8a4ea1ae7ae20aa0fa82edcc080.jpg,Ação,2019,Completo,Dublado
Kengan Ashura,1,5,5,https://i.pinimg.com/736x/8a/07/f8/8a07f8a4ea1ae7ae20aa0fa82edcc080.jpg,Ação,2019,Completo,Dublado
Kengan Ashura,1,6,6,https://i.pinimg.com/736x/8a/07/f8/8a07f8a4ea1ae7ae20aa0fa82edcc080.jpg,Ação,2019,Completo,Dublado
Kengan Ashura,1,7,7,https://i.pinimg.com/736x/8a/07/f8/8a07f8a4ea1ae7ae20aa0fa82edcc080.jpg,Ação,2019,Completo,Dublado
Kengan Ashura,1,8,8,https://i.pinimg.com/736x/8a/07/f8/8a07f8a4ea1ae7ae20aa0fa82edcc080.jpg,Ação,2019,Completo,Dublado
Kengan Ashura,1,9,9,https://i.pinimg.com/736x/8a/07/f8/8a07f8a4ea1ae7ae20aa0fa82edcc080.jpg,Ação,2019,Completo,Dublado
Kengan Ashura,1,10,10,https://i.pinimg.com/736x/8a/07/f8/8a07f8a4ea1ae7ae20aa0fa82edcc080.jpg,Ação,2019,Completo,Dublado
Kengan Ashura,1,11,11,https://i.pinimg.com/736x/8a/07/f8/8a07f8a4ea1ae7ae20aa0fa82edcc080.jpg,Ação,2019,Completo,Dublado
Kengan Ashura,1,12,12,https://i.pinimg.com/736x/8a/07/f8/8a07f8a4ea1ae7ae20aa0fa82edcc080.jpg,Ação,2019,Completo,Dublado
Kengan Ashura,1,13,13,https://i.pinimg.com/736x/8a/07/f8/8a07f8a4ea1ae7ae20aa0fa82edcc080.jpg,Ação,2019,Completo,Dublado
Kengan Ashura,1,14,14,https://i.pinimg.com/736x/8a/07/f8/8a07f8a4ea1ae7ae20aa0fa82edcc080.jpg,Ação,2019,Completo,Dublado
Kengan Ashura,1,15,15,https://i.pinimg.com/736x/8a/07/f8/8a07f8a4ea1ae7ae20aa0fa82edcc080.jpg,Ação,2019,Completo,Dublado
Kengan Ashura,1,16,16,https://i.pinimg.com/736x/8a/07/f8/8a07f8a4ea1ae7ae20aa0fa82edcc080.jpg,Ação,2019,Completo,Dublado
Kengan Ashura,1,17,17,https://i.pinimg.com/736x/8a/07/f8/8a07f8a4ea1ae7ae20aa0fa82edcc080.jpg,Ação,2019,Completo,Dublado
Kengan Ashura,1,18,18,https://i.pinimg.com/736x/8a/07/f8/8a07f8a4ea1ae7ae20aa0fa82edcc080.jpg,Ação,2019,Completo,Dublado
Kengan Ashura,1,19,19,https://i.pinimg.com/736x/8a/07/f8/8a07f8a4ea1ae7ae20aa0fa82edcc080.jpg,Ação,2019,Completo,Dublado
Kengan Ashura,1,20,20,https://i.pinimg.com/736x/8a/07/f8/8a07f8a4ea1ae7ae20aa0fa82edcc080.jpg,Ação,2019,Completo,Dublado
Kengan Ashura,1,21,21,https://i.pinimg.com/736x/8a/07/f8/8a07f8a4ea1ae7ae20aa0fa82edcc080.jpg,Ação,2019,Completo,Dublado
Kengan Ashura,1,22,22,https://i.pinimg.com/736x/8a/07/f8/8a07f8a4ea1ae7ae20aa0fa82edcc080.jpg,Ação,2019,Completo,Dublado
Kengan Ashura,1,23,23,https://i.pinimg.com/736x/8a/07/f8/8a07f8a4ea1ae7ae20aa0fa82edcc080.jpg,Ação,2019,Completo,Dublado
Kengan Ashura,1,24,24,https://i.pinimg.com/736x/8a/07/f8/8a07f8a4ea1ae7ae20aa0fa82edcc080.jpg,Ação,2019,Completo,Dublado
Black Clover,1,1,1,https://i.pinimg.com/736x/57/c1/63/57c163f8d59c55a36115021b192d18f5.jpg,Ação,2017,Completo,Dublado
Black Clover,1,2,2,https://i.pinimg.com/736x/57/c1/63/57c163f8d59c55a36115021b192d18f5.jpg,Ação,2017,Completo,Dublado
Black Clover,1,3,3,https://i.pinimg.com/736x/57/c1/63/57c163f8d59c55a36115021b192d18f5.jpg,Ação,2017,Completo,Dublado
Black Clover,1,4,4,https://i.pinimg.com/736x/57/c1/63/57c163f8d59c55a36115021b192d18f5.jpg,Ação,2017,Completo,Dublado
Black Clover,1,5,5,https://i.pinimg.com/736x/57/c1/63/57c163f8d59c55a36115021b192d18f5.jpg,Ação,2017,Completo,Dublado
Black Clover,1,6,6,https://i.pinimg.com/736x/57/c1/63/57c163f8d59c55a36115021b192d18f5.jpg,Ação,2017,Completo,Dublado
Black Clover,1,7,7,https://i.pinimg.com/736x/57/c1/63/57c163f8d59c55a36115021b192d18f5.jpg,Ação,2017,Completo,Dublado
Black Clover,1,8,8,https://i.pinimg.com/736x/57/c1/63/57c163f8d59c55a36115021b192d18f5.jpg,Ação,2017,Completo,Dublado
Black Clover,1,9,9,https://i.pinimg.com/736x/57/c1/63/57c163f8d59c55a36115021b192d18f5.jpg,Ação,2017,Completo,Dublado
Black Clover,1,10,10,https://i.pinimg.com/736x/57/c1/63/57c163f8d59c55a36115021b192d18f5.jpg,Ação,2017,Completo,Dublado
Black Clover,1,11,11,https://i.pinimg.com/736x/57/c1/63/57c163f8d59c55a36115021b192d18f5.jpg,Ação,2017,Completo,Dublado
Black Clover,1,12,12,https://i.pinimg.com/736x/57/c1/63/57c163f8d59c55a36115021b192d18f5.jpg,Ação,2017,Completo,Dublado
Black Clover,1,13,13,https://i.pinimg.com/736x/57/c1/63/57c163f8d59c55a36115021b192d18f5.jpg,Ação,2017,Completo,Dublado
Black Clover,1,14,14,https://i.pinimg.com/736x/57/c1/63/57c163f8d59c55a36115021b192d18f5.jpg,Ação,2017,Completo,Dublado
Black Clover,1,15,15,https://i.pinimg.com/736x/57/c1/63/57c163f8d59c55a36115021b192d18f5.jpg,Ação,2017,Completo,Dublado
Black Clover,1,16,16,https://i.pinimg.com/736x/57/c1/63/57c163f8d59c55a36115021b192d18f5.jpg,Ação,2017,Completo,Dublado
Black Clover,1,17,17,https://i.pinimg.com/736x/57/c1/63/57c163f8d59c55a36115021b192d18f5.jpg,Ação,2017,Completo,Dublado
Black Clover,1,18,18,https://i.pinimg.com/736x/57/c1/63/57c163f8d59c55a36115021b192d18f5.jpg,Ação,2017,Completo,Dublado
Black Clover,1,19,19,https://i.pinimg.com/736x/57/c1/63/57c163f8d59c55a36115021b192d18f5.jpg,Ação,2017,Completo,Dublado
Black Clover,1,20,20,https://i.pinimg.com/736x/57/c1/63/57c163f8d59c55a36115021b192d18f5.jpg,Ação,2017,Completo,Dublado
Black Clover,1,21,21,https://i.pinimg.com/736x/57/c1/63/57c163f8d59c55a36115021b192d18f5.jpg,Ação,2017,Completo,Dublado
Black Clover,1,22,22,https://i.pinimg.com/736x/57/c1/63/57c163f8d59c55a36115021b192d18f5.jpg,Ação,2017,Completo,Dublado
Black Clover,1,23,23,https://i.pinimg.com/736x/57/c1/63/57c163f8d59c55a36115021b192d18f5.jpg,Ação,2017,Completo,Dublado
Black Clover,1,24,24,https://i.pinimg.com/736x/57/c1/63/57c163f8d59c55a36115021b192d18f5.jpg,Ação,2017,Completo,Dublado
Black Clover,1,25,25,https://i.pinimg.com/736x/57/c1/63/57c163f8d59c55a36115021b192d18f5.jpg,Ação,2017,Completo,Dublado
Black Clover,1,26,26,https://i.pinimg.com/736x/57/c1/63/57c163f8d59c55a36115021b192d18f5.jpg,Ação,2017,Completo,Dublado
Black Clover,1,27,27,https://i.pinimg.com/736x/57/c1/63/57c163f8d59c55a36115021b192d18f5.jpg,Ação,2017,Completo,Dublado
Black Clover,1,28,28,https://i.pinimg.com/736x/57/c1/63/57c163f8d59c55a36115021b192d18f5.jpg,Ação,2017,Completo,Dublado
Black Clover,1,29,29,https://i.pinimg.com/736x/57/c1/63/57c163f8d59c55a36115021b192d18f5.jpg,Ação,2017,Completo,Dublado
Black Clover,1,30,30,https://i.pinimg.com/736x/57/c1/63/57c163f8d59c55a36115021b192d18f5.jpg,Ação,2017,Completo,Dublado
Black Clover,1,31,31,https://i.pinimg.com/736x/57/c1/63/57c163f8d59c55a36115021b192d18f5.jpg,Ação,2017,Completo,Dublado
Black Clover,1,32,32,https://i.pinimg.com/736x/57/c1/63/57c163f8d59c55a36115021b192d18f5.jpg,Ação,2017,Completo,Dublado
Black Clover,1,33,33,https://i.pinimg.com/736x/57/c1/63/57c163f8d59c55a36115021b192d18f5.jpg,Ação,2017,Completo,Dublado
Black Clover,1,34,34,https://i.pinimg.com/736x/57/c1/63/57c163f8d59c55a36115021b192d18f5.jpg,Ação,2017,Completo,Dublado
Black Clover,1,35,35,https://i.pinimg.com/736x/57/c1/63/57c163f8d59c55a36115021b192d18f5.jpg,Ação,2017,Completo,Dublado
Black Clover,1,36,36,https://i.pinimg.com/736x/57/c1/63/57c163f8d59c55a36115021b192d18f5.jpg,Ação,2017,Completo,Dublado
Black Clover,1,37,37,https://i.pinimg.com/736x/57/c1/63/57c163f8d59c55a36115021b192d18f5.jpg,Ação,2017,Completo,Dublado
Black Clover,1,38,38,https://i.pinimg.com/736x/57/c1/63/57c163f8d59c55a36115021b192d18f5.jpg,Ação,2017,Completo,Dublado
Black Clover,1,39,39,https://i.pinimg.com/736x/57/c1/63/57c163f8d59c55a36115021b192d18f5.jpg,Ação,2017,Completo,Dublado
Black Clover,1,40,40,https://i.pinimg.com/736x/57/c1/63/57c163f8d59c55a36115021b192d18f5.jpg,Ação,2017,Completo,Dublado
Black Clover,1,41,41,https://i.pinimg.com/736x/57/c1/63/57c163f8d59c55a36115021b192d18f5.jpg,Ação,2017,Completo,Dublado
Black Clover,1,42,42,https://i.pinimg.com/736x/57/c1/63/57c163f8d59c55a36115021b192d18f5.jpg,Ação,2017,Completo,Dublado
Black Clover,1,43,43,https://i.pinimg.com/736x/57/c1/63/57c163f8d59c55a36115021b192d18f5.jpg,Ação,2017,Completo,Dublado
Black Clover,1,44,44,https://i.pinimg.com/736x/57/c1/63/57c163f8d59c55a36115021b192d18f5.jpg,Ação,2017,Completo,Dublado
Black Clover,1,45,45,https://i.pinimg.com/736x/57/c1/63/57c163f8d59c55a36115021b192d18f5.jpg,Ação,2017,Completo,Dublado
Black Clover,1,46,46,https://i.pinimg.com/736x/57/c1/63/57c163f8d59c55a36115021b192d18f5.jpg,Ação,2017,Completo,Dublado
Black Clover,1,47,47,https://i.pinimg.com/736x/57/c1/63/57c163f8d59c55a36115021b192d18f5.jpg,Ação,2017,Completo,Dublado
Black Clover,1,48,48,https://i.pinimg.com/736x/57/c1/63/57c163f8d59c55a36115021b192d18f5.jpg,Ação,2017,Completo,Dublado
Black Clover,1,49,49,https://i.pinimg.com/736x/57/c1/63/57c163f8d59c55a36115021b192d18f5.jpg,Ação,2017,Completo,Dublado
Black Clover,1,50,50,https://i.pinimg.com/736x/57/c1/63/57c163f8d59c55a36115021b192d18f5.jpg,Ação,2017,Completo,Dublado
Black Clover,1,51,51,https://i.pinimg.com/736x/57/c1/63/57c163f8d59c55a36115021b192d18f5.jpg,Ação,2017,Completo,Dublado
Black Clover,1,52,52,https://i.pinimg.com/736x/57/c1/63/57c163f8d59c55a36115021b192d18f5.jpg,Ação,2017,Completo,Dublado
Black Clover,1,53,53,https://i.pinimg.com/736x/57/c1/63/57c163f8d59c55a36115021b192d18f5.jpg,Ação,2017,Completo,Dublado
Black Clover,1,54,54,https://i.pinimg.com/736x/57/c1/63/57c163f8d59c55a36115021b192d18f5.jpg,Ação,2017,Completo,Dublado
Black Clover,1,55,55,https://i.pinimg.com/736x/57/c1/63/57c163f8d59c55a36115021b192d18f5.jpg,Ação,2017,Completo,Dublado
Black Clover,1,56,56,https://i.pinimg.com/736x/57/c1/63/57c163f8d59c55a36115021b192d18f5.jpg,Ação,2017,Completo,Dublado
Black Clover,1,57,57,https://i.pinimg.com/736x/57/c1/63/57c163f8d59c55a36115021b192d18f5.jpg,Ação,2017,Completo,Dublado
Black Clover,1,58,58,https://i.pinimg.com/736x/57/c1/63/57c163f8d59c55a36115021b192d18f5.jpg,Ação,2017,Completo,Dublado
Black Clover,1,59,59,https://i.pinimg.com/736x/57/c1/63/57c163f8d59c55a36115021b192d18f5.jpg,Ação,2017,Completo,Dublado
Black Clover,1,60,60,https://i.pinimg.com/736x/57/c1/63/57c163f8d59c55a36115021b192d18f5.jpg,Ação,2017,Completo,Dublado
Black Clover,1,61,61,https://i.pinimg.com/736x/57/c1/63/57c163f8d59c55a36115021b192d18f5.jpg,Ação,2017,Completo,Dublado
Black Clover,1,62,62,https://i.pinimg.com/736x/57/c1/63/57c163f8d59c55a36115021b192d18f5.jpg,Ação,2017,Completo,Dublado
Black Clover,1,63,63,https://i.pinimg.com/736x/57/c1/63/57c163f8d59c55a36115021b192d18f5.jpg,Ação,2017,Completo,Dublado
Black Clover,1,64,64,https://i.pinimg.com/736x/57/c1/63/57c163f8d59c55a36115021b192d18f5.jpg,Ação,2017,Completo,Dublado
Black Clover,1,65,65,https://i.pinimg.com/736x/57/c1/63/57c163f8d59c55a36115021b192d18f5.jpg,Ação,2017,Completo,Dublado
Black Clover,1,66,66,https://i.pinimg.com/736x/57/c1/63/57c163f8d59c55a36115021b192d18f5.jpg,Ação,2017,Completo,Dublado
Black Clover,1,67,67,https://i.pinimg.com/736x/57/c1/63/57c163f8d59c55a36115021b192d18f5.jpg,Ação,2017,Completo,Dublado
Black Clover,1,68,68,https://i.pinimg.com/736x/57/c1/63/57c163f8d59c55a36115021b192d18f5.jpg,Ação,2017,Completo,Dublado
Black Clover,1,69,69,https://i.pinimg.com/736x/57/c1/63/57c163f8d59c55a36115021b192d18f5.jpg,Ação,2017,Completo,Dublado
Black Clover,1,70,70,https://i.pinimg.com/736x/57/c1/63/57c163f8d59c55a36115021b192d18f5.jpg,Ação,2017,Completo,Dublado
Black Clover,1,71,71,https://i.pinimg.com/736x/57/c1/63/57c163f8d59c55a36115021b192d18f5.jpg,Ação,2017,Completo,Dublado
Black Clover,1,72,72,https://i.pinimg.com/736x/57/c1/63/57c163f8d59c55a36115021b192d18f5.jpg,Ação,2017,Completo,Dublado
Black Clover,1,73,73,https://i.pinimg.com/736x/57/c1/63/57c163f8d59c55a36115021b192d18f5.jpg,Ação,2017,Completo,Dublado
Black Clover,1,74,74,https://i.pinimg.com/736x/57/c1/63/57c163f8d59c55a36115021b192d18f5.jpg,Ação,2017,Completo,Dublado
Black Clover,1,75,75,https://i.pinimg.com/736x/57/c1/63/57c163f8d59c55a36115021b192d18f5.jpg,Ação,2017,Completo,Dublado
Black Clover,1,76,76,https://i.pinimg.com/736x/57/c1/63/57c163f8d59c55a36115021b192d18f5.jpg,Ação,2017,Completo,Dublado
Black Clover,1,77,77,https://i.pinimg.com/736x/57/c1/63/57c163f8d59c55a36115021b192d18f5.jpg,Ação,2017,Completo,Dublado
Black Clover,1,78,78,https://i.pinimg.com/736x/57/c1/63/57c163f8d59c55a36115021b192d18f5.jpg,Ação,2017,Completo,Dublado
Black Clover,1,79,79,https://i.pinimg.com/736x/57/c1/63/57c163f8d59c55a36115021b192d18f5.jpg,Ação,2017,Completo,Dublado
Black Clover,1,80,80,https://i.pinimg.com/736x/57/c1/63/57c163f8d59c55a36115021b192d18f5.jpg,Ação,2017,Completo,Dublado
Black Clover,1,81,81,https://i.pinimg.com/736x/57/c1/63/57c163f8d59c55a36115021b192d18f5.jpg,Ação,2017,Completo,Dublado
Black Clover,1,82,82,https://i.pinimg.com/736x/57/c1/63/57c163f8d59c55a36115021b192d18f5.jpg,Ação,2017,Completo,Dublado
Black Clover,1,83,83,https://i.pinimg.com/736x/57/c1/63/57c163f8d59c55a36115021b192d18f5.jpg,Ação,2017,Completo,Dublado
Black Clover,1,84,84,https://i.pinimg.com/736x/57/c1/63/57c163f8d59c55a36115021b192d18f5.jpg,Ação,2017,Completo,Dublado
Black Clover,1,85,85,https://i.pinimg.com/736x/57/c1/63/57c163f8d59c55a36115021b192d18f5.jpg,Ação,2017,Completo,Dublado
Black Clover,1,86,86,https://i.pinimg.com/736x/57/c1/63/57c163f8d59c55a36115021b192d18f5.jpg,Ação,2017,Completo,Dublado
Black Clover,1,87,87,https://i.pinimg.com/736x/57/c1/63/57c163f8d59c55a36115021b192d18f5.jpg,Ação,2017,Completo,Dublado
Black Clover,1,88,88,https://i.pinimg.com/736x/57/c1/63/57c163f8d59c55a36115021b192d18f5.jpg,Ação,2017,Completo,Dublado
Black Clover,1,89,89,https://i.pinimg.com/736x/57/c1/63/57c163f8d59c55a36115021b192d18f5.jpg,Ação,2017,Completo,Dublado
Black Clover,1,90,90,https://i.pinimg.com/736x/57/c1/63/57c163f8d59c55a36115021b192d18f5.jpg,Ação,2017,Completo,Dublado
Black Clover,1,91,91,https://i.pinimg.com/736x/57/c1/63/57c163f8d59c55a36115021b192d18f5.jpg,Ação,2017,Completo,Dublado
Black Clover,1,92,92,https://i.pinimg.com/736x/57/c1/63/57c163f8d59c55a36115021b192d18f5.jpg,Ação,2017,Completo,Dublado
Black Clover,1,93,93,https://i.pinimg.com/736x/57/c1/63/57c163f8d59c55a36115021b192d18f5.jpg,Ação,2017,Completo,Dublado
Black Clover,1,94,94,https://i.pinimg.com/736x/57/c1/63/57c163f8d59c55a36115021b192d18f5.jpg,Ação,2017,Completo,Dublado
Black Clover,1,95,95,https://i.pinimg.com/736x/57/c1/63/57c163f8d59c55a36115021b192d18f5.jpg,Ação,2017,Completo,Dublado
Black Clover,1,96,96,https://i.pinimg.com/736x/57/c1/63/57c163f8d59c55a36115021b192d18f5.jpg,Ação,2017,Completo,Dublado
Black Clover,1,97,97,https://i.pinimg.com/736x/57/c1/63/57c163f8d59c55a36115021b192d18f5.jpg,Ação,2017,Completo,Dublado
Black Clover,1,98,98,https://i.pinimg.com/736x/57/c1/63/57c163f8d59c55a36115021b192d18f5.jpg,Ação,2017,Completo,Dublado
Black Clover,1,99,99,https://i.pinimg.com/736x/57/c1/63/57c163f8d59c55a36115021b192d18f5.jpg,Ação,2017,Completo,Dublado
Black Clover,1,100,100,https://i.pinimg.com/736x/57/c1/63/57c163f8d59c55a36115021b192d18f5.jpg,Ação,2017,Completo,Dublado
Black Clover,1,101,101,https://i.pinimg.com/736x/57/c1/63/57c163f8d59c55a36115021b192d18f5.jpg,Ação,2017,Completo,Dublado
Black Clover,1,102,102,https://i.pinimg.com/736x/57/c1/63/57c163f8d59c55a36115021b192d18f5.jpg,Ação,2017,Completo,Dublado
Black Clover,1,103,103,https://i.pinimg.com/736x/57/c1/63/57c163f8d59c55a36115021b192d18f5.jpg,Ação,2017,Completo,Dublado
Black Clover,1,104,104,https://i.pinimg.com/736x/57/c1/63/57c163f8d59c55a36115021b192d18f5.jpg,Ação,2017,Completo,Dublado
Black Clover,1,105,105,https://i.pinimg.com/736x/57/c1/63/57c163f8d59c55a36115021b192d18f5.jpg,Ação,2017,Completo,Dublado
Black Clover,1,106,106,https://i.pinimg.com/736x/57/c1/63/57c163f8d59c55a36115021b192d18f5.jpg,Ação,2017,Completo,Dublado
Black Clover,1,107,107,https://i.pinimg.com/736x/57/c1/63/57c163f8d59c55a36115021b192d18f5.jpg,Ação,2017,Completo,Dublado
Black Clover,1,108,108,https://i.pinimg.com/736x/57/c1/63/57c163f8d59c55a36115021b192d18f5.jpg,Ação,2017,Completo,Dublado
Black Clover,1,109,109,https://i.pinimg.com/736x/57/c1/63/57c163f8d59c55a36115021b192d18f5.jpg,Ação,2017,Completo,Dublado
Black Clover,1,110,110,https://i.pinimg.com/736x/57/c1/63/57c163f8d59c55a36115021b192d18f5.jpg,Ação,2017,Completo,Dublado
Black Clover,1,111,111,https://i.pinimg.com/736x/57/c1/63/57c163f8d59c55a36115021b192d18f5.jpg,Ação,2017,Completo,Dublado
Black Clover,1,112,112,https://i.pinimg.com/736x/57/c1/63/57c163f8d59c55a36115021b192d18f5.jpg,Ação,2017,Completo,Dublado
Black Clover,1,113,113,https://i.pinimg.com/736x/57/c1/63/57c163f8d59c55a36115021b192d18f5.jpg,Ação,2017,Completo,Dublado
Black Clover,1,114,114,https://i.pinimg.com/736x/57/c1/63/57c163f8d59c55a36115021b192d18f5.jpg,Ação,2017,Completo,Dublado
Black Clover,1,115,115,https://i.pinimg.com/736x/57/c1/63/57c163f8d59c55a36115021b192d18f5.jpg,Ação,2017,Completo,Dublado
Black Clover,1,116,116,https://i.pinimg.com/736x/57/c1/63/57c163f8d59c55a36115021b192d18f5.jpg,Ação,2017,Completo,Dublado
Black Clover,1,117,117,https://i.pinimg.com/736x/57/c1/63/57c163f8d59c55a36115021b192d18f5.jpg,Ação,2017,Completo,Dublado
Black Clover,1,118,118,https://i.pinimg.com/736x/57/c1/63/57c163f8d59c55a36115021b192d18f5.jpg,Ação,2017,Completo,Dublado
Black Clover,1,119,119,https://i.pinimg.com/736x/57/c1/63/57c163f8d59c55a36115021b192d18f5.jpg,Ação,2017,Completo,Dublado
Black Clover,1,120,120,https://i.pinimg.com/736x/57/c1/63/57c163f8d59c55a36115021b192d18f5.jpg,Ação,2017,Completo,Dublado
Black Clover,1,121,121,https://i.pinimg.com/736x/57/c1/63/57c163f8d59c55a36115021b192d18f5.jpg,Ação,2017,Completo,Dublado
Black Clover,1,122,122,https://i.pinimg.com/736x/57/c1/63/57c163f8d59c55a36115021b192d18f5.jpg,Ação,2017,Completo,Dublado
Black Clover,1,123,123,https://i.pinimg.com/736x/57/c1/63/57c163f8d59c55a36115021b192d18f5.jpg,Ação,2017,Completo,Dublado
Black Clover,1,124,124,https://i.pinimg.com/736x/57/c1/63/57c163f8d59c55a36115021b192d18f5.jpg,Ação,2017,Completo,Dublado
Black Clover,1,125,125,https://i.pinimg.com/736x/57/c1/63/57c163f8d59c55a36115021b192d18f5.jpg,Ação,2017,Completo,Dublado
Black Clover,1,126,126,https://i.pinimg.com/736x/57/c1/63/57c163f8d59c55a36115021b192d18f5.jpg,Ação,2017,Completo,Dublado
Black Clover,1,127,127,https://i.pinimg.com/736x/57/c1/63/57c163f8d59c55a36115021b192d18f5.jpg,Ação,2017,Completo,Dublado
Black Clover,1,128,128,https://i.pinimg.com/736x/57/c1/63/57c163f8d59c55a36115021b192d18f5.jpg,Ação,2017,Completo,Dublado
Black Clover,1,129,129,https://i.pinimg.com/736x/57/c1/63/57c163f8d59c55a36115021b192d18f5.jpg,Ação,2017,Completo,Dublado
Black Clover,1,130,130,https://i.pinimg.com/736x/57/c1/63/57c163f8d59c55a36115021b192d18f5.jpg,Ação,2017,Completo,Dublado
Black Clover,1,131,131,https://i.pinimg.com/736x/57/c1/63/57c163f8d59c55a36115021b192d18f5.jpg,Ação,2017,Completo,Dublado
Black Clover,1,132,132,https://i.pinimg.com/736x/57/c1/63/57c163f8d59c55a36115021b192d18f5.jpg,Ação,2017,Completo,Dublado
Black Clover,1,133,133,https://i.pinimg.com/736x/57/c1/63/57c163f8d59c55a36115021b192d18f5.jpg,Ação,2017,Completo,Dublado
Black Clover,1,134,134,https://i.pinimg.com/736x/57/c1/63/57c163f8d59c55a36115021b192d18f5.jpg,Ação,2017,Completo,Dublado
Black Clover,1,135,135,https://i.pinimg.com/736x/57/c1/63/57c163f8d59c55a36115021b192d18f5.jpg,Ação,2017,Completo,Dublado
Black Clover,1,136,136,https://i.pinimg.com/736x/57/c1/63/57c163f8d59c55a36115021b192d18f5.jpg,Ação,2017,Completo,Dublado
Black Clover,1,137,137,https://i.pinimg.com/736x/57/c1/63/57c163f8d59c55a36115021b192d18f5.jpg,Ação,2017,Completo,Dublado
Black Clover,1,138,138,https://i.pinimg.com/736x/57/c1/63/57c163f8d59c55a36115021b192d18f5.jpg,Ação,2017,Completo,Dublado
Black Clover,1,139,139,https://i.pinimg.com/736x/57/c1/63/57c163f8d59c55a36115021b192d18f5.jpg,Ação,2017,Completo,Dublado
Black Clover,1,140,140,https://i.pinimg.com/736x/57/c1/63/57c163f8d59c55a36115021b192d18f5.jpg,Ação,2017,Completo,Dublado
Black Clover,1,141,141,https://i.pinimg.com/736x/57/c1/63/57c163f8d59c55a36115021b192d18f5.jpg,Ação,2017,Completo,Dublado
Black Clover,1,142,142,https://i.pinimg.com/736x/57/c1/63/57c163f8d59c55a36115021b192d18f5.jpg,Ação,2017,Completo,Dublado
Black Clover,1,143,143,https://i.pinimg.com/736x/57/c1/63/57c163f8d59c55a36115021b192d18f5.jpg,Ação,2017,Completo,Dublado
Black Clover,1,144,144,https://i.pinimg.com/736x/57/c1/63/57c163f8d59c55a36115021b192d18f5.jpg,Ação,2017,Completo,Dublado
Black Clover,1,145,145,https://i.pinimg.com/736x/57/c1/63/57c163f8d59c55a36115021b192d18f5.jpg,Ação,2017,Completo,Dublado
Black Clover,1,146,146,https://i.pinimg.com/736x/57/c1/63/57c163f8d59c55a36115021b192d18f5.jpg,Ação,2017,Completo,Dublado
Black Clover,1,147,147,https://i.pinimg.com/736x/57/c1/63/57c163f8d59c55a36115021b192d18f5.jpg,Ação,2017,Completo,Dublado
Black Clover,1,148,148,https://i.pinimg.com/736x/57/c1/63/57c163f8d59c55a36115021b192d18f5.jpg,Ação,2017,Completo,Dublado
Black Clover,1,149,149,https://i.pinimg.com/736x/57/c1/63/57c163f8d59c55a36115021b192d18f5.jpg,Ação,2017,Completo,Dublado
Black Clover,1,150,150,https://i.pinimg.com/736x/57/c1/63/57c163f8d59c55a36115021b192d18f5.jpg,Ação,2017,Completo,Dublado
Black Clover,1,151,151,https://i.pinimg.com/736x/57/c1/63/57c163f8d59c55a36115021b192d18f5.jpg,Ação,2017,Completo,Dublado
Black Clover,1,152,152,https://i.pinimg.com/736x/57/c1/63/57c163f8d59c55a36115021b192d18f5.jpg,Ação,2017,Completo,Dublado
Black Clover,1,153,153,https://i.pinimg.com/736x/57/c1/63/57c163f8d59c55a36115021b192d18f5.jpg,Ação,2017,Completo,Dublado
Black Clover,1,154,154,https://i.pinimg.com/736x/57/c1/63/57c163f8d59c55a36115021b192d18f5.jpg,Ação,2017,Completo,Dublado
Black Clover,1,155,155,https://i.pinimg.com/736x/57/c1/63/57c163f8d59c55a36115021b192d18f5.jpg,Ação,2017,Completo,Dublado
Black Clover,1,156,156,https://i.pinimg.com/736x/57/c1/63/57c163f8d59c55a36115021b192d18f5.jpg,Ação,2017,Completo,Dublado
Black Clover,1,157,157,https://i.pinimg.com/736x/57/c1/63/57c163f8d59c55a36115021b192d18f5.jpg,Ação,2017,Completo,Dublado
Black Clover,1,158,158,https://i.pinimg.com/736x/57/c1/63/57c163f8d59c55a36115021b192d18f5.jpg,Ação,2017,Completo,Dublado
Black Clover,1,159,159,https://i.pinimg.com/736x/57/c1/63/57c163f8d59c55a36115021b192d18f5.jpg,Ação,2017,Completo,Dublado
Black Clover,1,160,160,https://i.pinimg.com/736x/57/c1/63/57c163f8d59c55a36115021b192d18f5.jpg,Ação,2017,Completo,Dublado
Black Clover,1,161,161,https://i.pinimg.com/736x/57/c1/63/57c163f8d59c55a36115021b192d18f5.jpg,Ação,2017,Completo,Dublado
Black Clover,1,162,162,https://i.pinimg.com/736x/57/c1/63/57c163f8d59c55a36115021b192d18f5.jpg,Ação,2017,Completo,Dublado
Black Clover,1,163,163,https://i.pinimg.com/736x/57/c1/63/57c163f8d59c55a36115021b192d18f5.jpg,Ação,2017,Completo,Dublado
Black Clover,1,164,164,https://i.pinimg.com/736x/57/c1/63/57c163f8d59c55a36115021b192d18f5.jpg,Ação,2017,Completo,Dublado
Black Clover,1,165,165,https://i.pinimg.com/736x/57/c1/63/57c163f8d59c55a36115021b192d18f5.jpg,Ação,2017,Completo,Dublado
Black Clover,1,166,166,https://i.pinimg.com/736x/57/c1/63/57c163f8d59c55a36115021b192d18f5.jpg,Ação,2017,Completo,Dublado
Black Clover,1,167,167,https://i.pinimg.com/736x/57/c1/63/57c163f8d59c55a36115021b192d18f5.jpg,Ação,2017,Completo,Dublado
Black Clover,1,168,168,https://i.pinimg.com/736x/57/c1/63/57c163f8d59c55a36115021b192d18f5.jpg,Ação,2017,Completo,Dublado
Black Clover,1,169,169,https://i.pinimg.com/736x/57/c1/63/57c163f8d59c55a36115021b192d18f5.jpg,Ação,2017,Completo,Dublado
Black Clover,1,170,170,https://i.pinimg.com/736x/57/c1/63/57c163f8d59c55a36115021b192d18f5.jpg,Ação,2017,Completo,Dublado
Bleach,1,1,1,https://i.pinimg.com/736x/1a/4d/8a/1a4d8a3b6c7e5f9a2b8d1c4e7f0a3b6c.jpg,Ação,2004,Completo,Dublado
Bleach,1,2,2,https://i.pinimg.com/736x/1a/4d/8a/1a4d8a3b6c7e5f9a2b8d1c4e7f0a3b6c.jpg,Ação,2004,Completo,Dublado
Bleach,1,3,3,https://i.pinimg.com/736x/1a/4d/8a/1a4d8a3b6c7e5f9a2b8d1c4e7f0a3b6c.jpg,Ação,2004,Completo,Dublado
Bleach,1,4,4,https://i.pinimg.com/736x/1a/4d/8a/1a4d8a3b6c7e5f9a2b8d1c4e7f0a3b6c.jpg,Ação,2004,Completo,Dublado
Bleach,1,5,5,https://i.pinimg.com/736x/1a/4d/8a/1a4d8a3b6c7e5f9a2b8d1c4e7f0a3b6c.jpg,Ação,2004,Completo,Dublado
Bleach,1,6,6,https://i.pinimg.com/736x/1a/4d/8a/1a4d8a3b6c7e5f9a2b8d1c4e7f0a3b6c.jpg,Ação,2004,Completo,Dublado
Bleach,1,7,7,https://i.pinimg.com/736x/1a/4d/8a/1a4d8a3b6c7e5f9a2b8d1c4e7f0a3b6c.jpg,Ação,2004,Completo,Dublado
Bleach,1,8,8,https://i.pinimg.com/736x/1a/4d/8a/1a4d8a3b6c7e5f9a2b8d1c4e7f0a3b6c.jpg,Ação,2004,Completo,Dublado
Bleach,1,9,9,https://i.pinimg.com/736x/1a/4d/8a/1a4d8a3b6c7e5f9a2b8d1c4e7f0a3b6c.jpg,Ação,2004,Completo,Dublado
Bleach,1,10,10,https://i.pinimg.com/736x/1a/4d/8a/1a4d8a3b6c7e5f9a2b8d1c4e7f0a3b6c.jpg,Ação,2004,Completo,Dublado
Bleach,1,11,11,https://i.pinimg.com/736x/1a/4d/8a/1a4d8a3b6c7e5f9a2b8d1c4e7f0a3b6c.jpg,Ação,2004,Completo,Dublado
Bleach,1,12,12,https://i.pinimg.com/736x/1a/4d/8a/1a4d8a3b6c7e5f9a2b8d1c4e7f0a3b6c.jpg,Ação,2004,Completo,Dublado
Bleach,1,13,13,https://i.pinimg.com/736x/1a/4d/8a/1a4d8a3b6c7e5f9a2b8d1c4e7f0a3b6c.jpg,Ação,2004,Completo,Dublado
Bleach,1,14,14,https://i.pinimg.com/736x/1a/4d/8a/1a4d8a3b6c7e5f9a2b8d1c4e7f0a3b6c.jpg,Ação,2004,Completo,Dublado
Bleach,1,15,15,https://i.pinimg.com/736x/1a/4d/8a/1a4d8a3b6c7e5f9a2b8d1c4e7f0a3b6c.jpg,Ação,2004,Completo,Dublado
Hunter X Hunter,1,1,1,https://i.pinimg.com/736x/b9/ef/0a/b9ef0ae3b860fd287e907491fddd560c.jpg,Ação,2011,Completo,Dublado
Hunter X Hunter,1,2,2,https://i.pinimg.com/736x/b9/ef/0a/b9ef0ae3b860fd287e907491fddd560c.jpg,Ação,2011,Completo,Dublado
Hunter X Hunter,1,3,3,https://i.pinimg.com/736x/b9/ef/0a/b9ef0ae3b860fd287e907491fddd560c.jpg,Ação,2011,Completo,Dublado
Hunter X Hunter,1,4,4,https://i.pinimg.com/736x/b9/ef/0a/b9ef0ae3b860fd287e907491fddd560c.jpg,Ação,2011,Completo,Dublado
Hunter X Hunter,1,5,5,https://i.pinimg.com/736x/b9/ef/0a/b9ef0ae3b860fd287e907491fddd560c.jpg,Ação,2011,Completo,Dublado
Hunter X Hunter,1,6,6,https://i.pinimg.com/736x/b9/ef/0a/b9ef0ae3b860fd287e907491fddd560c.jpg,Ação,2011,Completo,Dublado
Hunter X Hunter,1,7,7,https://i.pinimg.com/736x/b9/ef/0a/b9ef0ae3b860fd287e907491fddd560c.jpg,Ação,2011,Completo,Dublado
Hunter X Hunter,1,8,8,https://i.pinimg.com/736x/b9/ef/0a/b9ef0ae3b860fd287e907491fddd560c.jpg,Ação,2011,Completo,Dublado
Hunter X Hunter,1,9,9,https://i.pinimg.com/736x/b9/ef/0a/b9ef0ae3b860fd287e907491fddd560c.jpg,Ação,2011,Completo,Dublado
Hunter X Hunter,1,10,10,https://i.pinimg.com/736x/b9/ef/0a/b9ef0ae3b860fd287e907491fddd560c.jpg,Ação,2011,Completo,Dublado
Hunter X Hunter,1,11,11,https://i.pinimg.com/736x/b9/ef/0a/b9ef0ae3b860fd287e907491fddd560c.jpg,Ação,2011,Completo,Dublado
Hunter X Hunter,1,12,12,https://i.pinimg.com/736x/b9/ef/0a/b9ef0ae3b860fd287e907491fddd560c.jpg,Ação,2011,Completo,Dublado
Hunter X Hunter,1,13,13,https://i.pinimg.com/736x/b9/ef/0a/b9ef0ae3b860fd287e907491fddd560c.jpg,Ação,2011,Completo,Dublado
Hunter X Hunter,1,14,14,https://i.pinimg.com/736x/b9/ef/0a/b9ef0ae3b860fd287e907491fddd560c.jpg,Ação,2011,Completo,Dublado
Hunter X Hunter,1,15,15,https://i.pinimg.com/736x/b9/ef/0a/b9ef0ae3b860fd287e907491fddd560c.jpg,Ação,2011,Completo,Dublado
Hunter X Hunter,1,16,16,https://i.pinimg.com/736x/b9/ef/0a/b9ef0ae3b860fd287e907491fddd560c.jpg,Ação,2011,Completo,Dublado
Hunter X Hunter,1,17,17,https://i.pinimg.com/736x/b9/ef/0a/b9ef0ae3b860fd287e907491fddd560c.jpg,Ação,2011,Completo,Dublado
Hunter X Hunter,1,18,18,https://i.pinimg.com/736x/b9/ef/0a/b9ef0ae3b860fd287e907491fddd560c.jpg,Ação,2011,Completo,Dublado
Hunter X Hunter,1,19,19,https://i.pinimg.com/736x/b9/ef/0a/b9ef0ae3b860fd287e907491fddd560c.jpg,Ação,2011,Completo,Dublado
Hunter X Hunter,1,20,20,https://i.pinimg.com/736x/b9/ef/0a/b9ef0ae3b860fd287e907491fddd560c.jpg,Ação,2011,Completo,Dublado
Hunter X Hunter,1,21,21,https://i.pinimg.com/736x/b9/ef/0a/b9ef0ae3b860fd287e907491fddd560c.jpg,Ação,2011,Completo,Dublado
Hunter X Hunter,1,22,22,https://i.pinimg.com/736x/b9/ef/0a/b9ef0ae3b860fd287e907491fddd560c.jpg,Ação,2011,Completo,Dublado
Hunter X Hunter,1,23,23,https://i.pinimg.com/736x/b9/ef/0a/b9ef0ae3b860fd287e907491fddd560c.jpg,Ação,2011,Completo,Dublado
Hunter X Hunter,1,24,24,https://i.pinimg.com/736x/b9/ef/0a/b9ef0ae3b860fd287e907491fddd560c.jpg,Ação,2011,Completo,Dublado
Hunter X Hunter,1,25,25,https://i.pinimg.com/736x/b9/ef/0a/b9ef0ae3b860fd287e907491fddd560c.jpg,Ação,2011,Completo,Dublado
Hunter X Hunter,1,26,26,https://i.pinimg.com/736x/b9/ef/0a/b9ef0ae3b860fd287e907491fddd560c.jpg,Ação,2011,Completo,Dublado
Hunter X Hunter,1,27,27,https://i.pinimg.com/736x/b9/ef/0a/b9ef0ae3b860fd287e907491fddd560c.jpg,Ação,2011,Completo,Dublado
Hunter X Hunter,1,28,28,https://i.pinimg.com/736x/b9/ef/0a/b9ef0ae3b860fd287e907491fddd560c.jpg,Ação,2011,Completo,Dublado
Hunter X Hunter,1,29,29,https://i.pinimg.com/736x/b9/ef/0a/b9ef0ae3b860fd287e907491fddd560c.jpg,Ação,2011,Completo,Dublado
Hunter X Hunter,1,30,30,https://i.pinimg.com/736x/b9/ef/0a/b9ef0ae3b860fd287e907491fddd560c.jpg,Ação,2011,Completo,Dublado
Naruto Shippuden,1,1,1,https://i.pinimg.com/736x/06/e6/70/06e67000fb63b2ebd3c4ab9cbe0083ad.jpg,Ação,2007,Completo,Dublado
Naruto Shippuden,1,2,2,https://i.pinimg.com/736x/06/e6/70/06e67000fb63b2ebd3c4ab9cbe0083ad.jpg,Ação,2007,Completo,Dublado
Naruto Shippuden,1,3,3,https://i.pinimg.com/736x/06/e6/70/06e67000fb63b2ebd3c4ab9cbe0083ad.jpg,Ação,2007,Completo,Dublado
Naruto Shippuden,1,4,4,https://i.pinimg.com/736x/06/e6/70/06e67000fb63b2ebd3c4ab9cbe0083ad.jpg,Ação,2007,Completo,Dublado
Naruto Shippuden,1,5,5,https://i.pinimg.com/736x/06/e6/70/06e67000fb63b2ebd3c4ab9cbe0083ad.jpg,Ação,2007,Completo,Dublado
Naruto Shippuden,1,6,6,https://i.pinimg.com/736x/06/e6/70/06e67000fb63b2ebd3c4ab9cbe0083ad.jpg,Ação,2007,Completo,Dublado
Naruto Shippuden,1,7,7,https://i.pinimg.com/736x/06/e6/70/06e67000fb63b2ebd3c4ab9cbe0083ad.jpg,Ação,2007,Completo,Dublado
Naruto Shippuden,1,8,8,https://i.pinimg.com/736x/06/e6/70/06e67000fb63b2ebd3c4ab9cbe0083ad.jpg,Ação,2007,Completo,Dublado
Naruto Shippuden,1,9,9,https://i.pinimg.com/736x/06/e6/70/06e67000fb63b2ebd3c4ab9cbe0083ad.jpg,Ação,2007,Completo,Dublado
Naruto Shippuden,1,10,10,https://i.pinimg.com/736x/06/e6/70/06e67000fb63b2ebd3c4ab9cbe0083ad.jpg,Ação,2007,Completo,Dublado
Naruto Shippuden,1,11,11,https://i.pinimg.com/736x/06/e6/70/06e67000fb63b2ebd3c4ab9cbe0083ad.jpg,Ação,2007,Completo,Dublado
Naruto Shippuden,1,12,12,https://i.pinimg.com/736x/06/e6/70/06e67000fb63b2ebd3c4ab9cbe0083ad.jpg,Ação,2007,Completo,Dublado
Naruto Shippuden,1,13,13,https://i.pinimg.com/736x/06/e6/70/06e67000fb63b2ebd3c4ab9cbe0083ad.jpg,Ação,2007,Completo,Dublado
Naruto Shippuden,1,14,14,https://i.pinimg.com/736x/06/e6/70/06e67000fb63b2ebd3c4ab9cbe0083ad.jpg,Ação,2007,Completo,Dublado
Naruto Shippuden,1,15,15,https://i.pinimg.com/736x/06/e6/70/06e67000fb63b2ebd3c4ab9cbe0083ad.jpg,Ação,2007,Completo,Dublado
Naruto Shippuden,1,16,16,https://i.pinimg.com/736x/06/e6/70/06e67000fb63b2ebd3c4ab9cbe0083ad.jpg,Ação,2007,Completo,Dublado
Naruto Shippuden,1,17,17,https://i.pinimg.com/736x/06/e6/70/06e67000fb63b2ebd3c4ab9cbe0083ad.jpg,Ação,2007,Completo,Dublado
Naruto Shippuden,1,18,18,https://i.pinimg.com/736x/06/e6/70/06e67000fb63b2ebd3c4ab9cbe0083ad.jpg,Ação,2007,Completo,Dublado
Naruto Shippuden,1,19,19,https://i.pinimg.com/736x/06/e6/70/06e67000fb63b2ebd3c4ab9cbe0083ad.jpg,Ação,2007,Completo,Dublado
Naruto Shippuden,1,20,20,https://i.pinimg.com/736x/06/e6/70/06e67000fb63b2ebd3c4ab9cbe0083ad.jpg,Ação,2007,Completo,Dublado
Jujutsu Kaisen,1,1,1,https://i.pinimg.com/736x/2a/5b/8c/2a5b8c1d4e7f0a3b6c9d2e5f8a1b4c7.jpg,Ação,2020,Completo,Dublado
Jujutsu Kaisen,1,2,2,https://i.pinimg.com/736x/2a/5b/8c/2a5b8c1d4e7f0a3b6c9d2e5f8a1b4c7.jpg,Ação,2020,Completo,Dublado
Jujutsu Kaisen,1,3,3,https://i.pinimg.com/736x/2a/5b/8c/2a5b8c1d4e7f0a3b6c9d2e5f8a1b4c7.jpg,Ação,2020,Completo,Dublado
Jujutsu Kaisen,1,4,4,https://i.pinimg.com/736x/2a/5b/8c/2a5b8c1d4e7f0a3b6c9d2e5f8a1b4c7.jpg,Ação,2020,Completo,Dublado
Jujutsu Kaisen,1,5,5,https://i.pinimg.com/736x/2a/5b/8c/2a5b8c1d4e7f0a3b6c9d2e5f8a1b4c7.jpg,Ação,2020,Completo,Dublado
Jujutsu Kaisen,1,6,6,https://i.pinimg.com/736x/2a/5b/8c/2a5b8c1d4e7f0a3b6c9d2e5f8a1b4c7.jpg,Ação,2020,Completo,Dublado
Jujutsu Kaisen,1,7,7,https://i.pinimg.com/736x/2a/5b/8c/2a5b8c1d4e7f0a3b6c9d2e5f8a1b4c7.jpg,Ação,2020,Completo,Dublado
Jujutsu Kaisen,1,8,8,https://i.pinimg.com/736x/2a/5b/8c/2a5b8c1d4e7f0a3b6c9d2e5f8a1b4c7.jpg,Ação,2020,Completo,Dublado
Jujutsu Kaisen,1,9,9,https://i.pinimg.com/736x/2a/5b/8c/2a5b8c1d4e7f0a3b6c9d2e5f8a1b4c7.jpg,Ação,2020,Completo,Dublado
Jujutsu Kaisen,1,10,10,https://i.pinimg.com/736x/2a/5b/8c/2a5b8c1d4e7f0a3b6c9d2e5f8a1b4c7.jpg,Ação,2020,Completo,Dublado
Jujutsu Kaisen,1,11,11,https://i.pinimg.com/736x/2a/5b/8c/2a5b8c1d4e7f0a3b6c9d2e5f8a1b4c7.jpg,Ação,2020,Completo,Dublado
Jujutsu Kaisen,1,12,12,https://i.pinimg.com/736x/2a/5b/8c/2a5b8c1d4e7f0a3b6c9d2e5f8a1b4c7.jpg,Ação,2020,Completo,Dublado
Jujutsu Kaisen,1,13,13,https://i.pinimg.com/736x/2a/5b/8c/2a5b8c1d4e7f0a3b6c9d2e5f8a1b4c7.jpg,Ação,2020,Completo,Dublado
Jujutsu Kaisen,1,14,14,https://i.pinimg.com/736x/2a/5b/8c/2a5b8c1d4e7f0a3b6c9d2e5f8a1b4c7.jpg,Ação,2020,Completo,Dublado
Jujutsu Kaisen,1,15,15,https://i.pinimg.com/736x/2a/5b/8c/2a5b8c1d4e7f0a3b6c9d2e5f8a1b4c7.jpg,Ação,2020,Completo,Dublado
Jujutsu Kaisen,1,16,16,https://i.pinimg.com/736x/2a/5b/8c/2a5b8c1d4e7f0a3b6c9d2e5f8a1b4c7.jpg,Ação,2020,Completo,Dublado
Jujutsu Kaisen,1,17,17,https://i.pinimg.com/736x/2a/5b/8c/2a5b8c1d4e7f0a3b6c9d2e5f8a1b4c7.jpg,Ação,2020,Completo,Dublado
Jujutsu Kaisen,1,18,18,https://i.pinimg.com/736x/2a/5b/8c/2a5b8c1d4e7f0a3b6c9d2e5f8a1b4c7.jpg,Ação,2020,Completo,Dublado
Jujutsu Kaisen,1,19,19,https://i.pinimg.com/736x/2a/5b/8c/2a5b8c1d4e7f0a3b6c9d2e5f8a1b4c7.jpg,Ação,2020,Completo,Dublado
Jujutsu Kaisen,1,20,20,https://i.pinimg.com/736x/2a/5b/8c/2a5b8c1d4e7f0a3b6c9d2e5f8a1b4c7.jpg,Ação,2020,Completo,Dublado
Jujutsu Kaisen,1,21,21,https://i.pinimg.com/736x/2a/5b/8c/2a5b8c1d4e7f0a3b6c9d2e5f8a1b4c7.jpg,Ação,2020,Completo,Dublado
Jujutsu Kaisen,1,22,22,https://i.pinimg.com/736x/2a/5b/8c/2a5b8c1d4e7f0a3b6c9d2e5f8a1b4c7.jpg,Ação,2020,Completo,Dublado
Jujutsu Kaisen,1,23,23,https://i.pinimg.com/736x/2a/5b/8c/2a5b8c1d4e7f0a3b6c9d2e5f8a1b4c7.jpg,Ação,2020,Completo,Dublado
Jujutsu Kaisen,1,24,24,https://i.pinimg.com/736x/2a/5b/8c/2a5b8c1d4e7f0a3b6c9d2e5f8a1b4c7.jpg,Ação,2020,Completo,Dublado
Jujutsu Kaisen,2,1,25,https://i.pinimg.com/736x/2a/5b/8c/2a5b8c1d4e7f0a3b6c9d2e5f8a1b4c7.jpg,Ação,2020,Completo,Dublado
Jujutsu Kaisen,2,2,26,https://i.pinimg.com/736x/2a/5b/8c/2a5b8c1d4e7f0a3b6c9d2e5f8a1b4c7.jpg,Ação,2020,Completo,Dublado
Jujutsu Kaisen,2,3,27,https://i.pinimg.com/736x/2a/5b/8c/2a5b8c1d4e7f0a3b6c9d2e5f8a1b4c7.jpg,Ação,2020,Completo,Dublado
Jujutsu Kaisen,2,4,28,https://i.pinimg.com/736x/2a/5b/8c/2a5b8c1d4e7f0a3b6c9d2e5f8a1b4c7.jpg,Ação,2020,Completo,Dublado
Jujutsu Kaisen,2,5,29,https://i.pinimg.com/736x/2a/5b/8c/2a5b8c1d4e7f0a3b6c9d2e5f8a1b4c7.jpg,Ação,2020,Completo,Dublado
Jujutsu Kaisen,2,6,30,https://i.pinimg.com/736x/2a/5b/8c/2a5b8c1d4e7f0a3b6c9d2e5f8a1b4c7.jpg,Ação,2020,Completo,Dublado
Jujutsu Kaisen,2,7,31,https://i.pinimg.com/736x/2a/5b/8c/2a5b8c1d4e7f0a3b6c9d2e5f8a1b4c7.jpg,Ação,2020,Completo,Dublado
Jujutsu Kaisen,2,8,32,https://i.pinimg.com/736x/2a/5b/8c/2a5b8c1d4e7f0a3b6c9d2e5f8a1b4c7.jpg,Ação,2020,Completo,Dublado
Jujutsu Kaisen,2,9,33,https://i.pinimg.com/736x/2a/5b/8c/2a5b8c1d4e7f0a3b6c9d2e5f8a1b4c7.jpg,Ação,2020,Completo,Dublado
Jujutsu Kaisen,2,10,34,https://i.pinimg.com/736x/2a/5b/8c/2a5b8c1d4e7f0a3b6c9d2e5f8a1b4c7.jpg,Ação,2020,Completo,Dublado
Jujutsu Kaisen,2,11,35,https://i.pinimg.com/736x/2a/5b/8c/2a5b8c1d4e7f0a3b6c9d2e5f8a1b4c7.jpg,Ação,2020,Completo,Dublado
Jujutsu Kaisen,2,12,36,https://i.pinimg.com/736x/2a/5b/8c/2a5b8c1d4e7f0a3b6c9d2e5f8a1b4c7.jpg,Ação,2020,Completo,Dublado
Jujutsu Kaisen,2,13,37,https://i.pinimg.com/736x/2a/5b/8c/2a5b8c1d4e7f0a3b6c9d2e5f8a1b4c7.jpg,Ação,2020,Completo,Dublado
Jujutsu Kaisen,2,14,38,https://i.pinimg.com/736x/2a/5b/8c/2a5b8c1d4e7f0a3b6c9d2e5f8a1b4c7.jpg,Ação,2020,Completo,Dublado
Jujutsu Kaisen,2,15,39,https://i.pinimg.com/736x/2a/5b/8c/2a5b8c1d4e7f0a3b6c9d2e5f8a1b4c7.jpg,Ação,2020,Completo,Dublado
Jujutsu Kaisen,2,16,40,https://i.pinimg.com/736x/2a/5b/8c/2a5b8c1d4e7f0a3b6c9d2e5f8a1b4c7.jpg,Ação,2020,Completo,Dublado
Jujutsu Kaisen,2,17,41,https://i.pinimg.com/736x/2a/5b/8c/2a5b8c1d4e7f0a3b6c9d2e5f8a1b4c7.jpg,Ação,2020,Completo,Dublado
Jujutsu Kaisen,2,18,42,https://i.pinimg.com/736x/2a/5b/8c/2a5b8c1d4e7f0a3b6c9d2e5f8a1b4c7.jpg,Ação,2020,Completo,Dublado
Jujutsu Kaisen,2,19,43,https://i.pinimg.com/736x/2a/5b/8c/2a5b8c1d4e7f0a3b6c9d2e5f8a1b4c7.jpg,Ação,2020,Completo,Dublado
Jujutsu Kaisen,2,20,44,https://i.pinimg.com/736x/2a/5b/8c/2a5b8c1d4e7f0a3b6c9d2e5f8a1b4c7.jpg,Ação,2020,Completo,Dublado
Jujutsu Kaisen,2,21,45,https://i.pinimg.com/736x/2a/5b/8c/2a5b8c1d4e7f0a3b6c9d2e5f8a1b4c7.jpg,Ação,2020,Completo,Dublado
Jujutsu Kaisen,2,22,46,https://i.pinimg.com/736x/2a/5b/8c/2a5b8c1d4e7f0a3b6c9d2e5f8a1b4c7.jpg,Ação,2020,Completo,Dublado
Jujutsu Kaisen,2,23,47,https://i.pinimg.com/736x/2a/5b/8c/2a5b8c1d4e7f0a3b6c9d2e5f8a1b4c7.jpg,Ação,2020,Completo,Dublado
Vinland Saga,1,1,1,https://i.pinimg.com/736x/f8/9f/d7/f89fd783bee2e8bf50d6edc1682f8740.jpg,Ação,2019,Completo,Dublado
Vinland Saga,1,2,2,https://i.pinimg.com/736x/f8/9f/d7/f89fd783bee2e8bf50d6edc1682f8740.jpg,Ação,2019,Completo,Dublado
Vinland Saga,1,3,3,https://i.pinimg.com/736x/f8/9f/d7/f89fd783bee2e8bf50d6edc1682f8740.jpg,Ação,2019,Completo,Dublado
Vinland Saga,1,4,4,https://i.pinimg.com/736x/f8/9f/d7/f89fd783bee2e8bf50d6edc1682f8740.jpg,Ação,2019,Completo,Dublado
Vinland Saga,1,5,5,https://i.pinimg.com/736x/f8/9f/d7/f89fd783bee2e8bf50d6edc1682f8740.jpg,Ação,2019,Completo,Dublado
Vinland Saga,1,6,6,https://i.pinimg.com/736x/f8/9f/d7/f89fd783bee2e8bf50d6edc1682f8740.jpg,Ação,2019,Completo,Dublado
Vinland Saga,1,7,7,https://i.pinimg.com/736x/f8/9f/d7/f89fd783bee2e8bf50d6edc1682f8740.jpg,Ação,2019,Completo,Dublado
Vinland Saga,1,8,8,https://i.pinimg.com/736x/f8/9f/d7/f89fd783bee2e8bf50d6edc1682f8740.jpg,Ação,2019,Completo,Dublado
Vinland Saga,1,9,9,https://i.pinimg.com/736x/f8/9f/d7/f89fd783bee2e8bf50d6edc1682f8740.jpg,Ação,2019,Completo,Dublado
Vinland Saga,1,10,10,https://i.pinimg.com/736x/f8/9f/d7/f89fd783bee2e8bf50d6edc1682f8740.jpg,Ação,2019,Completo,Dublado
Vinland Saga,1,11,11,https://i.pinimg.com/736x/f8/9f/d7/f89fd783bee2e8bf50d6edc1682f8740.jpg,Ação,2019,Completo,Dublado
Vinland Saga,1,12,12,https://i.pinimg.com/736x/f8/9f/d7/f89fd783bee2e8bf50d6edc1682f8740.jpg,Ação,2019,Completo,Dublado
Vinland Saga,1,13,13,https://i.pinimg.com/736x/f8/9f/d7/f89fd783bee2e8bf50d6edc1682f8740.jpg,Ação,2019,Completo,Dublado
Vinland Saga,1,14,14,https://i.pinimg.com/736x/f8/9f/d7/f89fd783bee2e8bf50d6edc1682f8740.jpg,Ação,2019,Completo,Dublado
Vinland Saga,1,15,15,https://i.pinimg.com/736x/f8/9f/d7/f89fd783bee2e8bf50d6edc1682f8740.jpg,Ação,2019,Completo,Dublado
Vinland Saga,1,16,16,https://i.pinimg.com/736x/f8/9f/d7/f89fd783bee2e8bf50d6edc1682f8740.jpg,Ação,2019,Completo,Dublado
Vinland Saga,1,17,17,https://i.pinimg.com/736x/f8/9f/d7/f89fd783bee2e8bf50d6edc1682f8740.jpg,Ação,2019,Completo,Dublado
Vinland Saga,1,18,18,https://i.pinimg.com/736x/f8/9f/d7/f89fd783bee2e8bf50d6edc1682f8740.jpg,Ação,2019,Completo,Dublado
Vinland Saga,1,19,19,https://i.pinimg.com/736x/f8/9f/d7/f89fd783bee2e8bf50d6edc1682f8740.jpg,Ação,2019,Completo,Dublado
Vinland Saga,1,20,20,https://i.pinimg.com/736x/f8/9f/d7/f89fd783bee2e8bf50d6edc1682f8740.jpg,Ação,2019,Completo,Dublado
Vinland Saga,1,21,21,https://i.pinimg.com/736x/f8/9f/d7/f89fd783bee2e8bf50d6edc1682f8740.jpg,Ação,2019,Completo,Dublado
Vinland Saga,1,22,22,https://i.pinimg.com/736x/f8/9f/d7/f89fd783bee2e8bf50d6edc1682f8740.jpg,Ação,2019,Completo,Dublado
Vinland Saga,1,23,23,https://i.pinimg.com/736x/f8/9f/d7/f89fd783bee2e8bf50d6edc1682f8740.jpg,Ação,2019,Completo,Dublado
Vinland Saga,1,24,24,https://i.pinimg.com/736x/f8/9f/d7/f89fd783bee2e8bf50d6edc1682f8740.jpg,Ação,2019,Completo,Dublado
Spy X Family,1,1,1,https://i.pinimg.com/736x/3c/7f/9a/3c7f9a2b5d8e1f4a7b0c3d6e9f2a5b8.jpg,Ação,2022,Completo,Dublado
Spy X Family,1,2,2,https://i.pinimg.com/736x/3c/7f/9a/3c7f9a2b5d8e1f4a7b0c3d6e9f2a5b8.jpg,Ação,2022,Completo,Dublado
Spy X Family,1,3,3,https://i.pinimg.com/736x/3c/7f/9a/3c7f9a2b5d8e1f4a7b0c3d6e9f2a5b8.jpg,Ação,2022,Completo,Dublado
Spy X Family,1,4,4,https://i.pinimg.com/736x/3c/7f/9a/3c7f9a2b5d8e1f4a7b0c3d6e9f2a5b8.jpg,Ação,2022,Completo,Dublado
Spy X Family,1,5,5,https://i.pinimg.com/736x/3c/7f/9a/3c7f9a2b5d8e1f4a7b0c3d6e9f2a5b8.jpg,Ação,2022,Completo,Dublado
Spy X Family,1,6,6,https://i.pinimg.com/736x/3c/7f/9a/3c7f9a2b5d8e1f4a7b0c3d6e9f2a5b8.jpg,Ação,2022,Completo,Dublado
Spy X Family,1,7,7,https://i.pinimg.com/736x/3c/7f/9a/3c7f9a2b5d8e1f4a7b0c3d6e9f2a5b8.jpg,Ação,2022,Completo,Dublado
Spy X Family,1,8,8,https://i.pinimg.com/736x/3c/7f/9a/3c7f9a2b5d8e1f4a7b0c3d6e9f2a5b8.jpg,Ação,2022,Completo,Dublado
Spy X Family,1,9,9,https://i.pinimg.com/736x/3c/7f/9a/3c7f9a2b5d8e1f4a7b0c3d6e9f2a5b8.jpg,Ação,2022,Completo,Dublado
Spy X Family,1,10,10,https://i.pinimg.com/736x/3c/7f/9a/3c7f9a2b5d8e1f4a7b0c3d6e9f2a5b8.jpg,Ação,2022,Completo,Dublado
Spy X Family,1,11,11,https://i.pinimg.com/736x/3c/7f/9a/3c7f9a2b5d8e1f4a7b0c3d6e9f2a5b8.jpg,Ação,2022,Completo,Dublado
Spy X Family,1,12,12,https://i.pinimg.com/736x/3c/7f/9a/3c7f9a2b5d8e1f4a7b0c3d6e9f2a5b8.jpg,Ação,2022,Completo,Dublado
Spy X Family,2,1,13,https://i.pinimg.com/736x/3c/7f/9a/3c7f9a2b5d8e1f4a7b0c3d6e9f2a5b8.jpg,Ação,2022,Completo,Dublado
Spy X Family,2,2,14,https://i.pinimg.com/736x/3c/7f/9a/3c7f9a2b5d8e1f4a7b0c3d6e9f2a5b8.jpg,Ação,2022,Completo,Dublado
Spy X Family,2,3,15,https://i.pinimg.com/736x/3c/7f/9a/3c7f9a2b5d8e1f4a7b0c3d6e9f2a5b8.jpg,Ação,2022,Completo,Dublado
Spy X Family,2,4,16,https://i.pinimg.com/736x/3c/7f/9a/3c7f9a2b5d8e1f4a7b0c3d6e9f2a5b8.jpg,Ação,2022,Completo,Dublado
Spy X Family,2,5,17,https://i.pinimg.com/736x/3c/7f/9a/3c7f9a2b5d8e1f4a7b0c3d6e9f2a5b8.jpg,Ação,2022,Completo,Dublado
Spy X Family,2,6,18,https://i.pinimg.com/736x/3c/7f/9a/3c7f9a2b5d8e1f4a7b0c3d6e9f2a5b8.jpg,Ação,2022,Completo,Dublado
Spy X Family,2,7,19,https://i.pinimg.com/736x/3c/7f/9a/3c7f9a2b5d8e1f4a7b0c3d6e9f2a5b8.jpg,Ação,2022,Completo,Dublado
Spy X Family,2,8,20,https://i.pinimg.com/736x/3c/7f/9a/3c7f9a2b5d8e1f4a7b0c3d6e9f2a5b8.jpg,Ação,2022,Completo,Dublado
Spy X Family,2,9,21,https://i.pinimg.com/736x/3c/7f/9a/3c7f9a2b5d8e1f4a7b0c3d6e9f2a5b8.jpg,Ação,2022,Completo,Dublado
Spy X Family,2,10,22,https://i.pinimg.com/736x/3c/7f/9a/3c7f9a2b5d8e1f4a7b0c3d6e9f2a5b8.jpg,Ação,2022,Completo,Dublado
Spy X Family,2,11,23,https://i.pinimg.com/736x/3c/7f/9a/3c7f9a2b5d8e1f4a7b0c3d6e9f2a5b8.jpg,Ação,2022,Completo,Dublado
Spy X Family,2,12,24,https://i.pinimg.com/736x/3c/7f/9a/3c7f9a2b5d8e1f4a7b0c3d6e9f2a5b8.jpg,Ação,2022,Completo,Dublado
Spy X Family,3,1,25,https://i.pinimg.com/736x/3c/7f/9a/3c7f9a2b5d8e1f4a7b0c3d6e9f2a5b8.jpg,Ação,2022,Completo,Dublado
Spy X Family,3,2,26,https://i.pinimg.com/736x/3c/7f/9a/3c7f9a2b5d8e1f4a7b0c3d6e9f2a5b8.jpg,Ação,2022,Completo,Dublado
Spy X Family,3,3,27,https://i.pinimg.com/736x/3c/7f/9a/3c7f9a2b5d8e1f4a7b0c3d6e9f2a5b8.jpg,Ação,2022,Completo,Dublado
Spy X Family,3,4,28,https://i.pinimg.com/736x/3c/7f/9a/3c7f9a2b5d8e1f4a7b0c3d6e9f2a5b8.jpg,Ação,2022,Completo,Dublado
Spy X Family,3,5,29,https://i.pinimg.com/736x/3c/7f/9a/3c7f9a2b5d8e1f4a7b0c3d6e9f2a5b8.jpg,Ação,2022,Completo,Dublado
Spy X Family,3,6,30,https://i.pinimg.com/736x/3c/7f/9a/3c7f9a2b5d8e1f4a7b0c3d6e9f2a5b8.jpg,Ação,2022,Completo,Dublado
Spy X Family,3,7,31,https://i.pinimg.com/736x/3c/7f/9a/3c7f9a2b5d8e1f4a7b0c3d6e9f2a5b8.jpg,Ação,2022,Completo,Dublado
Spy X Family,3,8,32,https://i.pinimg.com/736x/3c/7f/9a/3c7f9a2b5d8e1f4a7b0c3d6e9f2a5b8.jpg,Ação,2022,Completo,Dublado
Spy X Family,3,9,33,https://i.pinimg.com/736x/3c/7f/9a/3c7f9a2b5d8e1f4a7b0c3d6e9f2a5b8.jpg,Ação,2022,Completo,Dublado
Spy X Family,3,10,34,https://i.pinimg.com/736x/3c/7f/9a/3c7f9a2b5d8e1f4a7b0c3d6e9f2a5b8.jpg,Ação,2022,Completo,Dublado
Spy X Family,3,11,35,https://i.pinimg.com/736x/3c/7f/9a/3c7f9a2b5d8e1f4a7b0c3d6e9f2a5b8.jpg,Ação,2022,Completo,Dublado
Spy X Family,3,12,36,https://i.pinimg.com/736x/3c/7f/9a/3c7f9a2b5d8e1f4a7b0c3d6e9f2a5b8.jpg,Ação,2022,Completo,Dublado
Spy X Family,3,13,37,https://i.pinimg.com/736x/3c/7f/9a/3c7f9a2b5d8e1f4a7b0c3d6e9f2a5b8.jpg,Ação,2022,Completo,Dublado
Spy X Family,3,14,38,https://i.pinimg.com/736x/3c/7f/9a/3c7f9a2b5d8e1f4a7b0c3d6e9f2a5b8.jpg,Ação,2022,Completo,Dublado
Spy X Family,3,15,39,https://i.pinimg.com/736x/3c/7f/9a/3c7f9a2b5d8e1f4a7b0c3d6e9f2a5b8.jpg,Ação,2022,Completo,Dublado
Spy X Family,3,16,40,https://i.pinimg.com/736x/3c/7f/9a/3c7f9a2b5d8e1f4a7b0c3d6e9f2a5b8.jpg,Ação,2022,Completo,Dublado
Spy X Family,3,17,41,https://i.pinimg.com/736x/3c/7f/9a/3c7f9a2b5d8e1f4a7b0c3d6e9f2a5b8.jpg,Ação,2022,Completo,Dublado
Spy X Family,3,18,42,https://i.pinimg.com/736x/3c/7f/9a/3c7f9a2b5d8e1f4a7b0c3d6e9f2a5b8.jpg,Ação,2022,Completo,Dublado
Spy X Family,3,19,43,https://i.pinimg.com/736x/3c/7f/9a/3c7f9a2b5d8e1f4a7b0c3d6e9f2a5b8.jpg,Ação,2022,Completo,Dublado
Spy X Family,3,20,44,https://i.pinimg.com/736x/3c/7f/9a/3c7f9a2b5d8e1f4a7b0c3d6e9f2a5b8.jpg,Ação,2022,Completo,Dublado
Spy X Family,3,21,45,https://i.pinimg.com/736x/3c/7f/9a/3c7f9a2b5d8e1f4a7b0c3d6e9f2a5b8.jpg,Ação,2022,Completo,Dublado
Spy X Family,3,22,46,https://i.pinimg.com/736x/3c/7f/9a/3c7f9a2b5d8e1f4a7b0c3d6e9f2a5b8.jpg,Ação,2022,Completo,Dublado
Spy X Family,3,23,47,https://i.pinimg.com/736x/3c/7f/9a/3c7f9a2b5d8e1f4a7b0c3d6e9f2a5b8.jpg,Ação,2022,Completo,Dublado
Spy X Family,3,24,48,https://i.pinimg.com/736x/3c/7f/9a/3c7f9a2b5d8e1f4a7b0c3d6e9f2a5b8.jpg,Ação,2022,Completo,Dublado
Spy X Family,3,25,49,https://i.pinimg.com/736x/3c/7f/9a/3c7f9a2b5d8e1f4a7b0c3d6e9f2a5b8.jpg,Ação,2022,Completo,Dublado
Spy X Family,3,26,50,https://i.pinimg.com/736x/3c/7f/9a/3c7f9a2b5d8e1f4a7b0c3d6e9f2a5b8.jpg,Ação,2022,Completo,Dublado
Mob Psycho 100,1,1,1,https://i.pinimg.com/736x/39/17/f2/3917f2c899f6a4486b203f11f90a54c7.jpg,Ação,2016,Completo,Dublado